{
  "Baseline": {
    "time": 35.99415040016174,
    "success": true
  },
  "Fast CMake": {
    "time": 26.888943910598755,
    "success": true
  },
  "Skip UNO": {
    "time": 23.540674686431885,
    "success": true
  },
  "Combined": {
    "time": 23.50638175010681,
    "success": true
  }
}