{
  "Clang Baseline": {
    "time": 36.1056113243103,
    "success": true
  },
  "GCC Baseline": {
    "time": 23.434735774993896,
    "success": true
  },
  "Radical GCC": {
    "time": 23.463679313659668,
    "success": true
  },
  "Radical Clang": {
    "time": 34.13097667694092,
    "success": true
  },
  "Dynamic GCC": {
    "time": 23.470842123031616,
    "success": true
  },
  "Incremental Avg": {
    "time": 15.058709541956583,
    "success": true
  }
}